{"initial_reset_timestamp": 1603202686.548147, "timestamps": [1603202686.800357, 1603202686.951586, 1603202687.107687, 1603202687.4073632, 1603202687.566089, 1603202687.7615738, 1603202688.181406, 1603202688.4089851, 1603202688.623105, 1603202689.054827, 1603202689.286735, 1603202689.569422, 1603202689.765715, 1603202689.977045, 1603202690.19991, 1603202690.397224, 1603202690.6580548, 1603202690.978281, 1603202691.210057, 1603202691.391343, 1603202691.632877, 1603202691.847639, 1603202692.110647, 1603202692.672458, 1603202693.2388191, 1603202694.82046, 1603202695.6719701, 1603202696.385959, 1603202696.949769, 1603202699.527348, 1603202709.295406, 1603202712.150687, 1603202722.040579, 1603202723.897047, 1603202726.521606, 1603202728.3856928, 1603202730.211784, 1603202732.1768131, 1603202733.926055, 1603202736.13709, 1603202739.252806, 1603202743.118578, 1603202766.78366, 1603202770.161226, 1603202800.563512, 1603202811.339856, 1603202817.325859, 1603202823.085224, 1603202830.058681, 1603202835.168534, 1603202839.737655, 1603202844.5056498, 1603202849.7463949, 1603202854.775622, 1603202859.815733, 1603202866.266171, 1603202907.651062, 1603202908.254302, 1603202908.723632, 1603202909.148982, 1603202919.0747242, 1603202924.4226072, 1603202939.749502, 1603202972.129055, 1603203001.208728, 1603203005.306456, 1603203017.180247, 1603203041.413804, 1603203048.574048, 1603203055.044414, 1603203057.202112, 1603203058.079962, 1603203064.7591848, 1603203081.569107, 1603203086.079078, 1603203088.92844, 1603203090.592629, 1603203092.4471092, 1603203093.7977312, 1603203095.520673, 1603203121.595913, 1603203124.880178, 1603203128.10496, 1603203129.972883, 1603203132.225514, 1603203166.655593, 1603203176.814394, 1603203178.89435, 1603203187.306729, 1603203216.319071, 1603203219.6930401, 1603203233.5281012, 1603203234.566897, 1603203237.083914, 1603203242.689597, 1603203252.914363, 1603203257.147253, 1603203281.234764, 1603203289.642087, 1603203316.094666, 1603203343.0196888, 1603203361.770827, 1603203384.572451, 1603203417.076925, 1603203428.839773, 1603203453.661589, 1603203462.008833, 1603203495.767735, 1603203499.354901, 1603203501.6847591, 1603203505.684459, 1603203544.7471418, 1603203582.80596, 1603203608.59059, 1603203613.005109, 1603203624.993402, 1603203632.860012, 1603203670.749019, 1603203700.587956, 1603203701.819345, 1603203735.67505, 1603203743.667809, 1603203774.969375, 1603203806.4790149, 1603203847.228487, 1603203880.184432, 1603203889.25965, 1603203933.463042, 1603203973.826012, 1603204010.30946, 1603204034.76927, 1603204073.095922, 1603204109.7570748, 1603204144.077344, 1603204181.728024, 1603204219.6869938, 1603204240.955696, 1603204256.391119, 1603204259.800562, 1603204298.506721, 1603204335.816427, 1603204373.880034, 1603204411.744287, 1603204447.9343202, 1603204479.98858, 1603204511.883164, 1603204533.426713, 1603204538.761677, 1603204569.667635, 1603204578.343083, 1603204578.9425359, 1603204580.697703, 1603204594.902457, 1603204629.6229272, 1603204664.990592, 1603204688.282805, 1603204721.129888, 1603204763.750769, 1603204795.356437, 1603204798.3872042, 1603204799.219717, 1603204812.788658, 1603204813.18207, 1603204813.919232, 1603204815.469776, 1603204817.1534562, 1603204817.6491299, 1603204818.5580292, 1603204819.445972, 1603204820.306178, 1603204825.0192618, 1603204857.897774, 1603204893.310283, 1603204934.244278, 1603204978.171013, 1603205020.031208, 1603205051.0209, 1603205085.4254951, 1603205122.6968, 1603205136.966985, 1603205185.8580081, 1603205221.9218922, 1603205258.5931, 1603205303.185778, 1603205339.645461, 1603205378.896661, 1603205415.562288, 1603205457.519595, 1603205467.802851, 1603205503.6192262, 1603205527.625466, 1603205584.119863, 1603205621.9087129, 1603205653.518782, 1603205690.870037, 1603205701.090218, 1603205737.791536, 1603205777.304346, 1603205814.78119, 1603205853.171335, 1603205888.891266, 1603205895.137312, 1603205897.2915058, 1603205901.549267, 1603205901.9957619, 1603205917.1211672, 1603205922.928252, 1603205961.792625, 1603205999.427114, 1603206011.190102, 1603206060.9815328, 1603206108.942657, 1603206151.01717, 1603206202.619252, 1603206251.5232, 1603206300.0762188, 1603206348.319732, 1603206395.24409, 1603206441.070289, 1603206455.784545, 1603206459.854025, 1603206477.881734, 1603206514.244062, 1603206562.466038, 1603206599.6317172, 1603206628.977646, 1603206646.928331, 1603206684.225631, 1603206704.127444, 1603206743.29114, 1603206768.6751769, 1603206770.217911, 1603206809.6829271, 1603206849.986312, 1603206890.215651, 1603206911.5770319, 1603206952.816732, 1603206966.138417, 1603206969.287404, 1603206969.921438, 1603206970.8877, 1603206974.669378, 1603207013.239734, 1603207036.146898, 1603207037.001653, 1603207041.401166, 1603207043.268935, 1603207049.5032792, 1603207086.724591, 1603207124.134791], "episode_lengths": [18, 17, 19, 45, 17, 26, 66, 28, 22, 23, 9, 11, 7, 8, 9, 8, 10, 14, 9, 7, 12, 10, 14, 34, 34, 100, 51, 42, 34, 162, 550, 144, 519, 93, 130, 91, 90, 96, 85, 108, 154, 174, 900, 104, 769, 215, 110, 105, 128, 90, 90, 94, 111, 106, 111, 155, 1000, 13, 10, 9, 139, 97, 313, 1000, 904, 103, 319, 740, 196, 165, 48, 20, 169, 467, 124, 83, 48, 54, 40, 51, 797, 103, 102, 59, 69, 1000, 255, 51, 176, 710, 98, 409, 31, 78, 179, 332, 135, 724, 220, 692, 784, 588, 525, 555, 292, 631, 214, 1000, 97, 61, 105, 1000, 1000, 698, 117, 320, 209, 1000, 851, 31, 1000, 233, 1000, 1000, 1000, 1000, 216, 1000, 1000, 1000, 572, 1000, 1000, 1000, 1000, 1000, 581, 419, 90, 1000, 1000, 1000, 1000, 1000, 1000, 1000, 647, 152, 821, 273, 17, 50, 430, 1000, 1000, 683, 1000, 1000, 1000, 90, 23, 402, 8, 10, 40, 49, 10, 24, 21, 23, 130, 1000, 1000, 1000, 1000, 1000, 659, 1000, 1000, 379, 1000, 1000, 1000, 1000, 922, 1000, 1000, 1000, 286, 1000, 518, 1000, 1000, 859, 1000, 260, 1000, 989, 1000, 1000, 1000, 160, 57, 113, 9, 385, 149, 1000, 1000, 323, 1000, 1000, 1000, 1000, 1000, 1000, 1000, 1000, 1000, 409, 121, 145, 1000, 1000, 1000, 797, 468, 931, 484, 1000, 662, 39, 1000, 1000, 1000, 555, 1000, 309, 68, 12, 22, 94, 1000, 611, 21, 122, 50, 162, 1000, 1000], "episode_rewards": [18.0, 17.0, 19.0, 45.0, 17.0, 26.0, 66.0, 28.0, 22.0, 23.0, 9.0, 11.0, 7.0, 8.0, 9.0, 8.0, 10.0, 14.0, 9.0, 7.0, 12.0, 10.0, 14.0, 34.0, 34.0, 100.0, 51.0, 42.0, 34.0, 162.0, 550.0, 144.0, 519.0, 93.0, 130.0, 91.0, 90.0, 96.0, 85.0, 108.0, 154.0, 174.0, 900.0, 104.0, 769.0, 215.0, 110.0, 105.0, 128.0, 90.0, 90.0, 94.0, 111.0, 106.0, 111.0, 155.0, 1000.0, 13.0, 10.0, 9.0, 139.0, 97.0, 313.0, 1000.0, 904.0, 103.0, 319.0, 740.0, 196.0, 165.0, 48.0, 20.0, 169.0, 467.0, 124.0, 83.0, 48.0, 54.0, 40.0, 51.0, 797.0, 103.0, 102.0, 59.0, 69.0, 1000.0, 255.0, 51.0, 176.0, 710.0, 98.0, 409.0, 31.0, 78.0, 179.0, 332.0, 135.0, 724.0, 220.0, 692.0, 784.0, 588.0, 525.0, 555.0, 292.0, 631.0, 214.0, 1000.0, 97.0, 61.0, 105.0, 1000.0, 1000.0, 698.0, 117.0, 320.0, 209.0, 1000.0, 851.0, 31.0, 1000.0, 233.0, 1000.0, 1000.0, 1000.0, 1000.0, 216.0, 1000.0, 1000.0, 1000.0, 572.0, 1000.0, 1000.0, 1000.0, 1000.0, 1000.0, 581.0, 419.0, 90.0, 1000.0, 1000.0, 1000.0, 1000.0, 1000.0, 1000.0, 1000.0, 647.0, 152.0, 821.0, 273.0, 17.0, 50.0, 430.0, 1000.0, 1000.0, 683.0, 1000.0, 1000.0, 1000.0, 90.0, 23.0, 402.0, 8.0, 10.0, 40.0, 49.0, 10.0, 24.0, 21.0, 23.0, 130.0, 1000.0, 1000.0, 1000.0, 1000.0, 1000.0, 659.0, 1000.0, 1000.0, 379.0, 1000.0, 1000.0, 1000.0, 1000.0, 922.0, 1000.0, 1000.0, 1000.0, 286.0, 1000.0, 518.0, 1000.0, 1000.0, 859.0, 1000.0, 260.0, 1000.0, 989.0, 1000.0, 1000.0, 1000.0, 160.0, 57.0, 113.0, 9.0, 385.0, 149.0, 1000.0, 1000.0, 323.0, 1000.0, 1000.0, 1000.0, 1000.0, 1000.0, 1000.0, 1000.0, 1000.0, 1000.0, 409.0, 121.0, 145.0, 1000.0, 1000.0, 1000.0, 797.0, 468.0, 931.0, 484.0, 1000.0, 662.0, 39.0, 1000.0, 1000.0, 1000.0, 555.0, 1000.0, 309.0, 68.0, 12.0, 22.0, 94.0, 1000.0, 611.0, 21.0, 122.0, 50.0, 162.0, 1000.0, 1000.0],