{"initial_reset_timestamp": 1603097691.9676304, "timestamps": [1603097694.049321, 1603097697.3492694], "episode_lengths": [31, 57], "episode_rewards": [31.0, 57.0], "episode_types": ["t", "t", "t"]}