{"initial_reset_timestamp": 1602955427.535294, "timestamps": [1602955427.673406, 1602955427.895293, 1602955428.138985, 1602955428.338961, 1602955428.493987, 1602955428.645159, 1602955428.874953, 1602955429.049463, 1602955429.1926038, 1602955429.3636491, 1602955429.62163, 1602955429.865854, 1602955430.236425, 1602955430.458805, 1602955430.671347, 1602955430.874588, 1602955431.077377, 1602955431.315407, 1602955431.522429, 1602955431.681095, 1602955431.8965912, 1602955432.114772, 1602955432.3070238, 1602955432.525281, 1602955432.7161112, 1602955432.890235, 1602955433.090184, 1602955433.264134, 1602955433.415951, 1602955433.6201868, 1602955433.831903, 1602955434.039006, 1602955434.255849, 1602955434.4619699, 1602955434.651854, 1602955434.8304799, 1602955434.991429, 1602955435.18094, 1602955435.354374, 1602955435.511133, 1602955435.71582, 1602955435.933856, 1602955436.1555488, 1602955436.333169, 1602955436.4921558, 1602955436.730809, 1602955436.9415412, 1602955437.101016, 1602955437.312939, 1602955437.515842, 1602955437.7041862, 1602955437.8876538, 1602955438.078013, 1602955438.2388859, 1602955438.430948, 1602955438.6509938, 1602955438.86563, 1602955439.069854, 1602955439.2947001, 1602955439.4552372, 1602955439.676186, 1602955439.840269, 1602955440.0686011, 1602955440.282478, 1602955440.4668229, 1602955440.695992, 1602955440.871698, 1602955441.075449, 1602955441.2784839, 1602955441.4789581, 1602955441.684026, 1602955441.908365, 1602955442.1429949, 1602955442.364376, 1602955442.5720918, 1602955442.816109, 1602955443.0675688, 1602955443.263511, 1602955443.4643672, 1602955443.856928, 1602955444.0915709, 1602955445.665012, 1602955446.002081, 1602955446.266429, 1602955446.619479, 1602955446.951623, 1602955447.234671, 1602955447.436487, 1602955447.820991, 1602955448.009231, 1602955448.324878, 1602955448.7109492, 1602955449.348126, 1602955449.825493, 1602955450.477956, 1602955451.1387148, 1602955451.614339, 1602955452.143886, 1602955452.709116, 1602955453.173959, 1602955453.951264, 1602955454.348463, 1602955455.2459981, 1602955455.817013, 1602955456.138415, 1602955456.511034, 1602955456.843311, 1602955457.875084, 1602955459.297056, 1602955460.028327, 1602955460.7704341, 1602955461.459729, 1602955462.553153, 1602955463.340856, 1602955463.752227, 1602955463.9575639, 1602955464.246103, 1602955464.561124, 1602955464.778435, 1602955464.9756951, 1602955465.227364, 1602955465.5319722, 1602955465.8304992, 1602955466.027023, 1602955466.21865, 1602955466.449898, 1602955466.721601, 1602955466.915672, 1602955467.1260889, 1602955467.361729, 1602955467.6439092, 1602955467.910599, 1602955468.114688, 1602955468.332744, 1602955468.5371451, 1602955468.818018, 1602955469.041297, 1602955469.3203788, 1602955469.58511, 1602955469.831813, 1602955470.05778, 1602955470.257795, 1602955470.519017, 1602955470.739862, 1602955471.0249522, 1602955471.271658, 1602955471.5150652, 1602955471.7946749, 1602955472.058105, 1602955472.2621272, 1602955472.459575, 1602955472.756414, 1602955472.961608, 1602955473.185944, 1602955473.4248672, 1602955473.7362728, 1602955473.931784, 1602955474.137147, 1602955474.357589, 1602955474.683265, 1602955474.981442, 1602955475.2743838, 1602955475.5949702, 1602955475.9170291, 1602955476.195117, 1602955476.48704, 1602955476.702349, 1602955476.955076, 1602955477.18639, 1602955477.484725, 1602955477.764044, 1602955478.0408819, 1602955478.333183, 1602955478.636138, 1602955478.924274, 1602955479.247658, 1602955479.489323, 1602955479.7497191, 1602955480.0116851, 1602955480.268336, 1602955480.573515, 1602955480.8983371, 1602955481.1628768, 1602955481.44914, 1602955481.7769878, 1602955482.018719, 1602955482.211091, 1602955482.488767, 1602955482.7938051, 1602955483.065496, 1602955483.423008, 1602955483.7221382, 1602955484.0402439, 1602955484.34916, 1602955484.6357398, 1602955484.957697, 1602955485.23248, 1602955485.530035, 1602955485.7863958, 1602955486.109129, 1602955486.4580019, 1602955486.77568, 1602955487.074811, 1602955487.3976488, 1602955487.690109, 1602955487.988618, 1602955488.281909, 1602955488.5340428, 1602955488.7484689, 1602955488.979855, 1602955489.226526, 1602955489.498125, 1602955489.745975, 1602955490.0601652, 1602955490.347994, 1602955490.6448882, 1602955490.91841, 1602955491.188148, 1602955491.416872, 1602955491.648907, 1602955491.888331, 1602955492.12834, 1602955492.427226, 1602955492.724971, 1602955493.038389, 1602955493.360748, 1602955493.6992462, 1602955494.0077682, 1602955494.292974, 1602955494.572962, 1602955494.877524, 1602955495.2069938, 1602955495.515739, 1602955495.8289988, 1602955496.165515, 1602955496.4130611, 1602955496.6986518, 1602955497.0323431, 1602955497.309433, 1602955497.5720809, 1602955497.8754292, 1602955498.11693, 1602955498.458336, 1602955498.79909, 1602955499.0694542, 1602955499.3149729, 1602955499.646296, 1602955499.879377, 1602955500.248571, 1602955500.5109959], "episode_lengths": [14, 24, 26, 20, 17, 18, 32, 21, 16, 22, 38, 16, 21, 11, 11, 10, 10, 12, 10, 7, 11, 11, 9, 11, 9, 8, 10, 8, 6, 10, 10, 9, 10, 10, 9, 8, 7, 9, 8, 7, 10, 10, 11, 8, 7, 12, 10, 7, 10, 10, 9, 8, 9, 7, 9, 11, 10, 9, 11, 7, 11, 7, 11, 10, 8, 11, 7, 9, 9, 9, 9, 10, 11, 10, 9, 10, 10, 8, 8, 20, 10, 85, 15, 11, 15, 15, 12, 8, 18, 7, 14, 18, 32, 23, 33, 33, 23, 26, 28, 22, 39, 18, 46, 27, 14, 17, 15, 51, 67, 32, 35, 32, 52, 37, 17, 7, 12, 13, 8, 7, 10, 12, 12, 7, 7, 9, 11, 7, 8, 9, 11, 10, 7, 8, 7, 11, 8, 11, 10, 9, 8, 7, 10, 8, 11, 9, 9, 11, 10, 7, 7, 12, 7, 8, 9, 12, 6, 7, 7, 12, 11, 11, 12, 12, 10, 11, 7, 9, 8, 11, 10, 10, 11, 11, 10, 12, 8, 9, 9, 9, 11, 12, 9, 10, 12, 8, 6, 10, 11, 9, 12, 10, 11, 11, 10, 11, 9, 9, 8, 11, 12, 11, 10, 11, 10, 10, 9, 8, 6, 7, 8, 9, 8, 11, 10, 10, 9, 9, 7, 7, 7, 7, 10, 10, 10, 9, 9, 8, 8, 9, 10, 11, 10, 10, 11, 7, 9, 11, 8, 8, 10, 7, 11, 11, 8, 7, 10, 6, 11, 7], "episode_rewards": [14.0, 24.0, 26.0, 20.0, 17.0, 18.0, 32.0, 21.0, 16.0, 22.0, 38.0, 16.0, 21.0, 11.0, 11.0, 10.0, 10.0, 12.0, 10.0, 7.0, 11.0, 11.0, 9.0, 11.0, 9.0, 8.0, 10.0, 8.0, 6.0, 10.0, 10.0, 9.0, 10.0, 10.0, 9.0, 8.0, 7.0, 9.0, 8.0, 7.0, 10.0, 10.0, 11.0, 8.0, 7.0, 12.0, 10.0, 7.0, 10.0, 10.0, 9.0, 8.0, 9.0, 7.0, 9.0, 11.0, 10.0, 9.0, 11.0, 7.0, 11.0, 7.0, 11.0, 10.0, 8.0, 11.0, 7.0, 9.0, 9.0, 9.0, 9.0, 10.0, 11.0, 10.0, 9.0, 10.0, 10.0, 8.0, 8.0, 20.0, 10.0, 85.0, 15.0, 11.0, 15.0, 15.0, 12.0, 8.0, 18.0, 7.0, 14.0, 18.0, 32.0, 23.0, 33.0, 33.0, 23.0, 26.0, 28.0, 22.0, 39.0, 18.0, 46.0, 27.0, 14.0, 17.0, 15.0, 51.0, 67.0, 32.0, 35.0, 32.0, 52.0, 37.0, 17.0, 7.0, 12.0, 13.0, 8.0, 7.0, 10.0, 12.0, 12.0, 7.0, 7.0, 9.0, 11.0, 7.0, 8.0, 9.0, 11.0, 10.0, 7.0, 8.0, 7.0, 11.0, 8.0, 11.0, 10.0, 9.0, 8.0, 7.0, 10.0, 8.0, 11.0, 9.0, 9.0, 11.0, 10.0, 7.0, 7.0, 12.0, 7.0, 8.0, 9.0, 12.0, 6.0, 7.0, 7.0, 12.0, 11.0, 11.0, 12.0, 12.0, 10.0, 11.0, 7.0, 9.0, 8.0, 11.0, 10.0, 10.0, 11.0, 11.0, 10.0, 12.0, 8.0, 9.0, 9.0, 9.0, 11.0, 12.0, 9.0, 10.0, 12.0, 8.0, 6.0, 10.0, 11.0, 9.0, 12.0, 10.0, 11.0, 11.0, 10.0, 11.0, 9.0, 9.0, 8.0, 11.0, 12.0, 11.0, 10.0, 11.0, 10.0, 10.0, 9.0, 8.0, 6.0, 7.0, 8.0, 9.0, 8.0, 11.0, 10.0, 10.0, 9.0, 9.0, 7.0, 7.0, 7.0, 7.0, 10.0, 10.0, 10.0, 9.0, 9.0, 8.0, 8.0, 9.0, 10.0, 11.0, 10.0, 10.0, 11.0, 7.0, 9.0, 11.0, 8.0, 8.0, 10.0, 7.0, 11.0, 11.0, 8.0, 7.0, 10.0, 6.0, 11.0, 7.0],