{"initial_reset_timestamp": 1602776821.5895302, "timestamps": [1602776823.489084, 1602776823.6663601, 1602776823.777735, 1602776824.012477, 1602776824.289474, 1602776824.494082, 1602776824.673794, 1602776824.8443992, 1602776825.1491342, 1602776825.470361, 1602776825.84696, 1602776827.037224, 1602776828.3831801, 1602776828.819977, 1602776829.487136, 1602776830.827188, 1602776831.66316, 1602776832.18798, 1602776832.826369, 1602776833.595979, 1602776833.909055, 1602776834.514899, 1602776834.985708, 1602776835.718139, 1602776836.356887, 1602776836.647764, 1602776837.0400221, 1602776838.214112, 1602776838.80421, 1602776839.566314, 1602776839.805556, 1602776840.20385, 1602776840.55476, 1602776841.2090209, 1602776841.549962, 1602776841.991443, 1602776842.5599282, 1602776842.913613, 1602776843.3155332, 1602776844.108396, 1602776844.9030359, 1602776845.632092, 1602776846.270828, 1602776847.1300821, 1602776847.745582, 1602776848.224428, 1602776848.720115, 1602776849.459512, 1602776851.685101, 1602776852.450163, 1602776853.00283, 1602776853.8234298, 1602776854.9829178, 1602776855.378149, 1602776856.69907, 1602776857.6661062, 1602776858.460944, 1602776858.8121989, 1602776859.589705, 1602776860.560864, 1602776861.2208378, 1602776861.970873, 1602776862.522706, 1602776863.004307, 1602776863.6306372, 1602776864.955907, 1602776868.057908, 1602776868.706536, 1602776869.295624, 1602776869.785493, 1602776870.711484, 1602776871.689437, 1602776874.042388, 1602776876.573292, 1602776877.299253, 1602776877.9354508, 1602776878.753363, 1602776879.281992, 1602776880.037478, 1602776880.902154, 1602776881.574633, 1602776882.029682, 1602776882.889534, 1602776883.636597, 1602776886.059211, 1602776888.007027, 1602776888.902199, 1602776890.231724, 1602776891.402797, 1602776894.7799628, 1602776902.032436, 1602776905.510617, 1602776910.624741, 1602776916.2652621, 1602776924.471594, 1602776930.483559, 1602776935.163924, 1602776953.945219, 1602776968.692875, 1602776977.706808], "episode_lengths": [24, 22, 11, 34, 40, 25, 23, 21, 43, 21, 13, 49, 55, 16, 26, 47, 31, 20, 25, 32, 11, 25, 18, 29, 26, 10, 15, 48, 23, 31, 8, 15, 13, 25, 12, 17, 22, 12, 14, 30, 29, 26, 22, 30, 21, 16, 17, 28, 86, 28, 19, 29, 42, 13, 49, 35, 29, 11, 28, 35, 23, 26, 18, 16, 22, 47, 108, 21, 19, 13, 31, 30, 76, 81, 23, 20, 26, 16, 24, 27, 20, 13, 27, 23, 76, 63, 27, 41, 35, 103, 224, 101, 146, 150, 201, 136, 97, 355, 253, 146], "episode_rewards": [24.0, 22.0, 11.0, 34.0, 40.0, 25.0, 23.0, 21.0, 43.0, 21.0, 13.0, 49.0, 55.0, 16.0, 26.0, 47.0, 31.0, 20.0, 25.0, 32.0, 11.0, 25.0, 18.0, 29.0, 26.0, 10.0, 15.0, 48.0, 23.0, 31.0, 8.0, 15.0, 13.0, 25.0, 12.0, 17.0, 22.0, 12.0, 14.0, 30.0, 29.0, 26.0, 22.0, 30.0, 21.0, 16.0, 17.0, 28.0, 86.0, 28.0, 19.0, 29.0, 42.0, 13.0, 49.0, 35.0, 29.0, 11.0, 28.0, 35.0, 23.0, 26.0, 18.0, 16.0, 22.0, 47.0, 108.0, 21.0, 19.0, 13.0, 31.0, 30.0, 76.0, 81.0, 23.0, 20.0, 26.0, 16.0, 24.0, 27.0, 20.0, 13.0, 27.0, 23.0, 76.0, 63.0, 27.0, 41.0, 35.0, 103.0, 224.0, 101.0, 146.0, 150.0, 201.0, 136.0, 97.0, 355.0, 253.0, 146.0], "episode_types": ["t", "t", "t", "t", "t", "t", "t", "t", "t", "t", "t", "t", "t", "t", "t", "t", "t", "t", "t", "t", "t", "t", "t", "t", "t", "t", "t", "t", "t", "t", "t", "t", "t", "t", "t", "t", "t", "t", "t", "t", "t", "t", "t", "t", "t", "t", "t", "t", "t", "t", "t", "t", "t", "t", "t", "t", "t", "t", "t", "t", "t", "t", "t", "t", "t", "t", "t", "t", "t", "t", "t", "t", "t", "t", "t", "t", "t", "t", "t", "t", "t", "t", "t", "t", "t", "t", "t", "t", "t", "t", "t", "t", "t", "t", "t", "t", "t", "t", "t", "t"]}