{"initial_reset_timestamp": 1602956170.7845278, "timestamps": [1602956171.139099, 1602956171.3761148, 1602956171.5776992, 1602956171.747956, 1602956172.010161, 1602956172.201907, 1602956172.458096, 1602956172.673347, 1602956173.2963479, 1602956173.6131468, 1602956174.116755, 1602956174.876359, 1602956175.538659, 1602956176.1581209, 1602956176.538947, 1602956176.852117, 1602956177.6085272, 1602956178.0913658, 1602956178.6209202, 1602956178.976489, 1602956179.254794, 1602956179.7759721, 1602956180.1377459, 1602956180.690327, 1602956181.726109, 1602956182.174787, 1602956182.488493, 1602956183.2470279, 1602956183.547383, 1602956184.1200619, 1602956185.404865, 1602956186.482985, 1602956187.273531, 1602956187.9199512, 1602956188.524767, 1602956189.1748219, 1602956189.931606, 1602956190.424952, 1602956190.693331, 1602956192.184884, 1602956192.519121, 1602956193.032056, 1602956194.472707, 1602956194.8676858, 1602956195.806885, 1602956197.537277, 1602956199.538738, 1602956200.330105, 1602956201.011529, 1602956202.917836, 1602956204.831727, 1602956208.215474, 1602956211.033063, 1602956213.058979, 1602956216.255287, 1602956219.5799701, 1602956222.98879, 1602956226.131851, 1602956230.2318778, 1602956234.362259, 1602956238.115076, 1602956242.175661, 1602956247.020044, 1602956254.148214, 1602956258.260588, 1602956266.2415118, 1602956273.711075, 1602956278.5924978, 1602956289.1236138, 1602956295.056759, 1602956304.799566, 1602956311.886413, 1602956322.5783749, 1602956333.0767941, 1602956358.749919, 1602956381.737115, 1602956393.962529, 1602956404.8879921, 1602956428.6588778, 1602956441.974944, 1602956454.224303, 1602956465.444797, 1602956477.169524, 1602956489.041495, 1602956497.3936698, 1602956506.234189, 1602956515.433694, 1602956524.336951, 1602956534.575941, 1602956543.944861, 1602956560.626903, 1602956582.565538, 1602956607.950075, 1602956614.086051, 1602956627.378877, 1602956639.092305, 1602956650.232011, 1602956666.7847319, 1602956685.7569, 1602956714.883415, 1602956723.661393, 1602956741.058538, 1602956752.10498, 1602956762.502798, 1602956768.288662, 1602956777.1871612, 1602956795.626262, 1602956806.2719302, 1602956821.485418, 1602956833.900865, 1602956844.9481442, 1602956857.1372218, 1602956870.827168, 1602956880.081973, 1602956895.0364459, 1602956903.123084, 1602956916.895725, 1602956934.58146, 1602956945.661334, 1602956955.858903, 1602956966.70944, 1602956980.834453, 1602956992.060662, 1602957003.838065, 1602957013.616798, 1602957023.791937, 1602957032.315796, 1602957040.8142169, 1602957047.1668448, 1602957058.368623, 1602957075.298343, 1602957084.0982678, 1602957110.879188, 1602957128.516614, 1602957158.1786041, 1602957190.862745, 1602957221.9054239, 1602957256.880805, 1602957289.739418, 1602957319.734076, 1602957349.6236758, 1602957379.438463, 1602957409.107776, 1602957438.986943, 1602957468.9778738, 1602957498.8047, 1602957529.051383, 1602957559.048428, 1602957589.468556, 1602957619.484725, 1602957649.8314822, 1602957679.940644, 1602957712.605588, 1602957745.661432, 1602957776.145646, 1602957806.371489, 1602957837.363929, 1602957868.008119, 1602957898.809126, 1602957929.353787, 1602957959.867574, 1602957990.227608, 1602958020.837111, 1602958051.501838, 1602958082.0231879, 1602958112.769085, 1602958143.439471, 1602958174.69638, 1602958205.778583, 1602958236.851542, 1602958268.2613719, 1602958299.918541, 1602958331.491849, 1602958363.110302, 1602958394.775122, 1602958426.979142, 1602958459.047584, 1602958491.28201, 1602958523.430076, 1602958555.4084768, 1602958587.56514, 1602958619.793581, 1602958652.570935, 1602958684.677981, 1602958716.4815512, 1602958748.428283, 1602958780.418354, 1602958812.0347872, 1602958843.688867, 1602958875.5160341, 1602958907.170491, 1602958938.846238, 1602958970.5155709, 1602959002.269056, 1602959034.418143, 1602959067.142711, 1602959105.9413388, 1602959146.688102, 1602959191.729471, 1602959235.028803, 1602959271.559118, 1602959314.722711, 1602959358.958674, 1602959399.720771, 1602959437.60829, 1602959475.325862, 1602959512.522969, 1602959549.491363, 1602959590.1441972, 1602959631.58175, 1602959669.265387, 1602959709.925874, 1602959751.374337, 1602959790.053984, 1602959828.3109388, 1602959868.047949, 1602959906.262672, 1602959944.546104, 1602959983.781386, 1602960023.272192, 1602960062.3437529, 1602960098.642105, 1602960131.654927, 1602960165.066584, 1602960205.583009, 1602960253.454139, 1602960292.343987, 1602960333.5228312, 1602960380.851678, 1602960418.6254458, 1602960453.147947, 1602960487.873791, 1602960521.583949, 1602960558.598635, 1602960594.9897559, 1602960631.379622, 1602960667.183622, 1602960702.8676212, 1602960738.596259, 1602960774.614429, 1602960816.094663, 1602960852.9968488, 1602960888.781796, 1602960923.555917, 1602960958.7963672, 1602960993.7521129, 1602961030.3048801, 1602961064.879721, 1602961099.347122, 1602961134.140872], "episode_lengths": [37, 24, 23, 22, 34, 24, 36, 29, 45, 11, 20, 24, 26, 24, 14, 11, 29, 17, 20, 13, 10, 19, 13, 21, 41, 17, 11, 30, 10, 22, 54, 44, 31, 25, 23, 26, 29, 18, 9, 58, 11, 18, 55, 13, 35, 66, 72, 27, 24, 71, 72, 126, 104, 75, 115, 112, 113, 107, 144, 140, 136, 141, 157, 210, 121, 236, 193, 132, 265, 134, 206, 136, 198, 168, 354, 347, 206, 157, 258, 254, 237, 231, 259, 264, 186, 196, 204, 194, 215, 194, 330, 299, 689, 185, 403, 360, 370, 566, 620, 1000, 304, 615, 384, 360, 199, 304, 639, 364, 495, 373, 326, 339, 417, 313, 510, 274, 467, 580, 297, 292, 307, 385, 334, 359, 328, 341, 288, 286, 208, 375, 576, 296, 903, 599, 1000, 1000, 1000, 1000, 1000, 1000, 1000, 1000, 1000, 1000, 1000, 1000, 1000, 1000, 1000, 1000, 1000, 1000, 1000, 1000, 1000, 1000, 1000, 1000, 1000, 1000, 1000, 1000, 1000, 1000, 1000, 1000, 1000, 1000, 1000, 1000, 1000, 1000, 1000, 1000, 1000, 1000, 1000, 1000, 1000, 1000, 1000, 1000, 1000, 1000, 1000, 1000, 1000, 1000, 1000, 1000, 1000, 1000, 1000, 1000, 1000, 1000, 1000, 1000, 1000, 1000, 1000, 1000, 1000, 1000, 1000, 1000, 1000, 1000, 1000, 1000, 1000, 1000, 1000, 1000, 1000, 1000, 1000, 1000, 1000, 1000, 1000, 1000, 1000, 1000, 1000, 1000, 1000, 1000, 1000, 1000, 1000, 1000, 1000, 1000, 1000, 1000, 1000, 1000, 1000, 1000, 1000, 1000, 1000, 1000, 1000, 1000, 1000, 1000, 1000, 1000],