{"initial_reset_timestamp": 1603184280.395621, "timestamps": [1603184280.6973045, 1603184280.913022, 1603184281.1828642, 1603184281.4449825, 1603184281.6285346, 1603184281.8515487, 1603184282.0841973, 1603184282.3090115, 1603184283.1273758, 1603184284.5484328, 1603184285.2461793, 1603184285.912995, 1603184286.4526958, 1603184288.0135195, 1603184289.6152518, 1603184291.1135983, 1603184292.635221, 1603184293.6433508, 1603184294.534351, 1603184295.6124504, 1603184296.4482667, 1603184298.41469, 1603184299.6450331, 1603184300.745162, 1603184301.5496333, 1603184304.2316196, 1603184305.2266772, 1603184309.0251813, 1603184311.2108486, 1603184312.807985, 1603184313.816002, 1603184315.5201614, 1603184318.648167, 1603184330.5156994, 1603184335.915754, 1603184340.9322362, 1603184353.7097247, 1603184358.8214855, 1603184366.0228093, 1603184369.4073048, 1603184378.1284428, 1603184387.5167718, 1603184397.0124297, 1603184403.950641, 1603184408.1450171, 1603184412.4392347, 1603184415.9498467, 1603184423.5245333, 1603184428.3376408, 1603184435.8494298, 1603184446.9445148, 1603184451.3085122, 1603184468.5344622, 1603184477.5375562, 1603184511.023404, 1603184517.6095295, 1603184530.7134855, 1603184534.5245771, 1603184548.9451036, 1603184568.913961, 1603184606.0374107, 1603184613.851258, 1603184641.5286722, 1603184665.6330025, 1603184699.907525, 1603184751.3473635, 1603184799.8377118, 1603184828.635136, 1603184889.2200086, 1603184911.2492793, 1603184932.9423902, 1603184990.4406502, 1603185038.730649, 1603185108.1455457, 1603185164.0394344, 1603185212.645951, 1603185269.3337662, 1603185330.3078427, 1603185387.0156965, 1603185432.4219708, 1603185471.925952, 1603185534.5456107, 1603185606.7511349, 1603185659.2176912, 1603185728.0186949, 1603185769.717705, 1603185812.0306473, 1603185858.1377065, 1603185930.7314208, 1603185974.03592, 1603186021.4107027, 1603186061.6162496, 1603186116.0510836, 1603186150.7324646, 1603186213.3253155, 1603186259.2198071, 1603186304.243996, 1603186343.3386898, 1603186388.4250743, 1603186447.937899, 1603186505.9179904, 1603186553.538751, 1603186603.814421, 1603186662.1084619, 1603186708.933182, 1603186749.5493908, 1603186833.548985, 1603186877.134154, 1603186916.111344, 1603186958.0104728, 1603187020.7404084, 1603187055.3470428, 1603187136.3244112, 1603187195.3400786, 1603187241.543739, 1603187294.139315, 1603187329.0298722, 1603187380.7113798, 1603187427.1213582, 1603187485.245376, 1603187531.6180418, 1603187565.7400508, 1603187616.2357478, 1603187655.64773, 1603187700.4452252, 1603187764.719882, 1603187806.7234347, 1603187849.3474243, 1603187889.3172228, 1603187920.6489587, 1603187967.4423099, 1603188020.2103655, 1603188052.5254862, 1603188117.0160017, 1603188157.535994, 1603188194.7142591, 1603188283.4352403, 1603188385.4402997, 1603188451.1152315, 1603188539.7159798, 1603188576.6185496, 1603188633.3262408, 1603188682.318051, 1603188722.1298673, 1603188760.745291, 1603188826.7089891, 1603188889.8163579, 1603188960.945087, 1603189048.2326145, 1603189131.317907, 1603189182.3136897, 1603189242.2232256, 1603189285.0153046, 1603189370.6241434, 1603189443.0435605, 1603189594.1264334, 1603189686.8341327, 1603189767.2106276, 1603189846.8447866, 1603189954.3328679, 1603190052.8436275, 1603190169.7114394, 1603190245.8267894, 1603190317.5103476, 1603190375.4405255, 1603190473.63979, 1603190669.7463255, 1603190784.1387544, 1603190845.730186, 1603190976.2333436, 1603191053.0256052, 1603191190.1245127, 1603191313.2475922, 1603191527.7331092, 1603191682.415334, 1603191898.9308462, 1603191974.7109647, 1603192181.0261078, 1603192358.1137445], "episode_lengths": [30, 20, 29, 33, 19, 28, 30, 24, 54, 31, 15, 13, 12, 32, 35, 33, 34, 22, 18, 22, 19, 41, 28, 22, 14, 41, 17, 82, 48, 34, 22, 37, 37, 53, 21, 21, 52, 22, 30, 12, 32, 41, 39, 29, 18, 19, 15, 29, 20, 35, 50, 18, 79, 40, 148, 27, 59, 15, 65, 93, 161, 33, 128, 108, 153, 222, 221, 132, 275, 94, 95, 268, 210, 302, 245, 228, 249, 274, 257, 205, 182, 279, 310, 192, 238, 174, 193, 204, 308, 187, 214, 171, 238, 153, 271, 205, 199, 167, 199, 268, 256, 223, 220, 264, 208, 180, 361, 196, 172, 191, 277, 154, 364, 266, 208, 226, 156, 238, 206, 266, 201, 156, 225, 172, 198, 294, 187, 202, 178, 146, 215, 236, 148, 293, 189, 171, 394, 459, 289, 394, 161, 247, 217, 183, 179, 285, 287, 313, 387, 365, 226, 253, 192, 377, 322, 675, 415, 349, 360, 476, 429, 522, 344, 317, 263, 444, 893, 493, 268, 578, 333, 629, 574, 1000, 706, 1000, 341, 958, 815], "episode_rewards": [30.0, 20.0, 29.0, 33.0, 19.0, 28.0, 30.0, 24.0, 54.0, 31.0, 15.0, 13.0, 12.0, 32.0, 35.0, 33.0, 34.0, 22.0, 18.0, 22.0, 19.0, 41.0, 28.0, 22.0, 14.0, 41.0, 17.0, 82.0, 48.0, 34.0, 22.0, 37.0, 37.0, 53.0, 21.0, 21.0, 52.0, 22.0, 30.0, 12.0, 32.0, 41.0, 39.0, 29.0, 18.0, 19.0, 15.0, 29.0, 20.0, 35.0, 50.0, 18.0, 79.0, 40.0, 148.0, 27.0, 59.0, 15.0, 65.0, 93.0, 161.0, 33.0, 128.0, 108.0, 153.0, 222.0, 221.0, 132.0, 275.0, 94.0, 95.0, 268.0, 210.0, 302.0, 245.0, 228.0, 249.0, 274.0, 257.0, 205.0, 182.0, 279.0, 310.0, 192.0, 238.0, 174.0, 193.0, 204.0, 308.0, 187.0, 214.0, 171.0, 238.0, 153.0, 271.0, 205.0, 199.0, 167.0, 199.0, 268.0, 256.0, 223.0, 220.0, 264.0, 208.0, 180.0, 361.0, 196.0, 172.0, 191.0, 277.0, 154.0, 364.0, 266.0, 208.0, 226.0, 156.0, 238.0, 206.0, 266.0, 201.0, 156.0, 225.0, 172.0, 198.0, 294.0, 187.0, 202.0, 178.0, 146.0, 215.0, 236.0, 148.0, 293.0, 189.0, 171.0, 394.0, 459.0, 289.0, 394.0, 161.0, 247.0, 217.0, 183.0, 179.0, 285.0, 287.0, 313.0, 387.0, 365.0, 226.0, 253.0, 192.0, 377.0, 322.0, 675.0, 415.0, 349.0, 360.0, 476.0, 429.0, 522.0, 344.0, 317.0, 263.0, 444.0, 893.0, 493.0, 268.0, 578.0, 333.0, 629.0, 574.0, 1000.0, 706.0, 1000.0, 341.0, 958.0, 815.0], "episode_types": ["t", "t", "t", "t", "t", "t", "t", "t", "t", "t", "t", "t", "t", "t", "t", "t", "t", "t", "t", "t", "t", "t", "t", "t", "t", "t", "t", "t", "t", "t", "t", "t", "t", "t", "t", "t", "t", "t", "t", "t", "t", "t", "t", "t", "t", "t", "t", "t", "t", "t", "t", "t", "t", "t", "t", "t", "t", "t", "t", "t", "t", "t", "t", "t", "t", "t", "t", "t", "t", "t", "t", "t", "t", "t", "t", "t", "t", "t", "t", "t", "t", "t", "t", "t", "t", "t", "t", "t", "t", "t", "t", "t", "t", "t", "t", "t", "t", "t", "t", "t", "t", "t", "t", "t", "t", "t", "t", "t", "t", "t", "t", "t", "t", "t", "t", "t", "t", "t", "t", "t", "t", "t", "t", "t", "t", "t", "t", "t", "t", "t", "t", "t", "t", "t", "t", "t", "t", "t", "t", "t", "t", "t", "t", "t", "t", "t", "t", "t", "t", "t", "t", "t", "t", "t", "t", "t", "t", "t", "t", "t", "t", "t", "t", "t", "t", "t", "t", "t", "t", "t", "t", "t", "t", "t", "t", "t", "t", "t", "t", "t"]}